#### Week #028 ~ #029
# åˆæ¢ SQL

## A. å°ˆæ¡ˆæª”æ¡ˆæ¦‚è¦½
é—œæ–¼æœ¬å°ˆæ¡ˆçš„æª”æ¡ˆåˆ†ä½ˆå¯ä»¥åƒè€ƒä»¥ä¸‹ç°¡éŒ„ï¼š
- **å­¸ç¿’ç­†è¨˜** [``/docs/overview.md``](/docs/overview.md)ï¼š<br/>
    é—œæ–¼ä¸åŒ SQL èªæ³•åŠç”¨æ³•çš„ç­†è¨˜ï¼Œç¸½å…±åˆ†äº† 14 å€‹ç« ç¯€
- **å­¸ç¿’æª”æ¡ˆ** [``/materials/sqlite_db/*``](/materials/sqlite_db/)ï¼š<br/>
    ç‚ºäº†è¼”ä½ç­†è¨˜ä¸­çš„ SQL å­¸ç¿’ï¼Œå¯ä»¥åœ¨é€™å€‹æª”æ¡ˆå¤¾è£¡çš„ SQLite DB ä¾†åšç·´ç¿’
- **å¯¦ä½œç·´ç¿’** [``/README.md#b-ç¿’ä½œ``](#b-ç¿’ä½œ)ï¼š<br/>
    èª²ç¨‹æœ€å¾Œæœ‰æåˆ°ä¸€äº›ç¿’ä½œé¡Œç›®ï¼Œæˆ‘æŠŠå›ç­”æ•´ç†åœ¨æœ¬æ–‡çš„ B ç« ç¯€ä¸­
- **å¯¦ä½œææ–™** [``/materials/exercise_sql/*``](/materials/exercise_sql/)ï¼š<br/>
    æˆ‘ç‚ºç­”é¡Œåœ¨ Spotify è·Ÿ Kaggle ä¸Šçˆ¬/æ”¶é›†çš„ä¸€äº›è³‡æ–™ï¼Œé›–ç„¶å®ƒå€‘éƒ½æ˜¯ä»¥ç„¡åº (Random) çš„æ–¹å¼åšæ”¶é›†ï¼Œä½†æ˜¯å¯ä»¥ç”¨ä¾†é©—è­‰å›ç­”ï¼Œèˆ‡åšç·´ç¿’æ¸¬è©¦ä¹‹ç”¨

## B. ç¿’ä½œ
èª²ç¨‹æœ€å¾Œä»¥ Spotify ç‚ºéœ€æ±‚è—æœ¬ï¼Œé‡å°å…¶åŠŸèƒ½çµ¦å‡ºäº†ä¸€ç³»åˆ—çš„å•é¡Œï¼Œæˆ‘åœ¨æœ¬ç« ç¯€çµ¦å‡ºè§£ç­”ï¼š

### B.1 Schema è¨­è¨ˆ
æ”¶é›†å›ä¾†çš„è³‡æ–™æœƒè¢«æ•´ç†åœ¨ä»¥ä¸‹çš„ Schema çµæ§‹ï¼Œè€Œç¿’ä½œé¡Œç›®ä¹Ÿæœƒä»¥é€™å€‹ Database çµæ§‹åšå›ç­”ã€‚
![Schema Design](materials/schema_design/drawSQL-image-export-2025-06-11.png)

### B.2 é–‹å§‹æ­¥é©Ÿ
1. åœ¨ **MySQL (v8.0)** ä¸Šä½¿ç”¨ ``/materials/exercise_sql/`` è£¡çš„ .sql æª”æ¡ˆå»ºç«‹ databaseï¼Œé †åºå¦‚ä¸‹ï¼š
    > 1. spotify_clone_artist.sql
    > 2. spotify_clone_album.sql
    > 3. spotify_clone_song.sql
    > 4. spotify_clone_user.sql
    > 5. spotify_clone_playlist.sql
    > 6. spotify_clone_playlist_entry.sql
    > 7. spotify_clone_user_follower.sql
    > 8. spotify_clone_artist_follower.sql
    > 9. spotify_clone_user_added_playlist.sql
    > 10. spotify_clone_user_added_album.sql
    > 11. spotify_clone_user_liked_song.sql
2. åœ¨ MySQL Command Line console/terminal ä¸ŠåŸ·è¡Œ [B.3](#b3-åŸºç¤éœ€æ±‚)ã€[B.4](#b4-é€²éšéœ€æ±‚) èˆ‡ [B.5](#b5-è¿½åŠ éœ€æ±‚) ä¸­çš„ SQL å›ç­”åšé©—è­‰æˆ–æ¸¬è©¦ã€‚

### B.3 åŸºç¤éœ€æ±‚
- æ‰¾åˆ°ä¸€å¼µå°ˆè¼¯è£¡é¢çš„æ­Œ - ``ORDER BY``
    ```sql
    -- å‡è¨­æˆ‘å€‘è¦æ‰¾æ­Œçš„å°ˆè¼¯ç‚º "A New Day"ï¼Œå…¶åœ¨ album table ä¸­çš„ id ç‚º 2
    -- æˆ‘å€‘å°‡æœƒç”¨å…¶ç‚º song.album_id çš„ç¯©é¸æ¢ä»¶å€¼ï¼š

    SELECT
        track_number,
        name
    FROM song
    WHERE album_id = 2
    ORDER BY track_number;

    /* çµæœï¼š
    +--------------+----------------------------------------------+
    | track_number | name                                         |
    +--------------+----------------------------------------------+
    |            0 | Hello                                        |
    |            1 | Black Curtains                               |
    |            2 | I'm Awesome (Remix) [feat. Mac Lethal]       |
    |            3 | Rock & Roll (Shouts Out Back To The Rappers) |
    |            4 | ??????                                       |
    |            5 | Trying for Kicks - 2002 Remaster             |
    |            6 | Sunshine In You                              |
    |            7 | We Got The Beat                              |
    |            8 | To Live & Die In L.A.                        |
    |            9 | This Is My Life (feat. Lmfao)                |
    +--------------+----------------------------------------------+
    */
    ```

- æ‰¾åˆ°ä¸€é¦–æ­Œæ‰€å±¬çš„å°ˆè¼¯è·Ÿå‰µä½œè€… - ``JOIN``
    ```sql
    -- å‡è¨­æˆ‘å€‘è¦æ‰¾å°ˆè¼¯èˆ‡å‰µä½œè€…çš„æ­Œæ›²ç‚º "Don't Speak"ï¼Œå…¶åœ¨ song table ä¸­çš„ id ç‚º 170ï¼š

    SELECT
        song.id AS song_id,
        song.name AS song_name,
        album.title AS album_title,
        artist.name AS artist_name
    FROM song
    LEFT JOIN album
        ON song.album_id = album.id
    LEFT JOIN artist
        ON artist.id = album.artist_id
    WHERE song.id = 170;

    /* çµæœï¼š
    +---------+-------------+-------------+-----------------+
    | song_id | song_name   | album_title | artist_name     |
    +---------+-------------+-------------+-----------------+
    |     170 | Don't Speak | B-Sides     | William Mullins |
    +---------+-------------+-------------+-----------------+
    */
    ```

- æ‰¾åˆ°ä½¿ç”¨è€… Liked Songs - ``CTE / Subquery``
    ```sql
    -- å‡è¨­ä½¿ç”¨è€…ç‚º "Emily Shelly" å…¶åœ¨ user table ä¸­çš„ id ç‚º 20ï¼š

    SELECT
        id AS song_id,
        name AS song_name
    FROM song
    WHERE id IN ( 
        SELECT song_id
        FROM user_liked_song
        WHERE user_id = 20
        ORDER BY user_liked_song.id
    );

    /* çµæœï¼š
    +---------+---------------------------------+
    | song_id | song_name                       |
    +---------+---------------------------------+
    |     341 | When The Music Stops - Live     |
    |     237 | I Used To Love H.E.R.           |
    |      27 | Funk You Up - Long Version      |
    |     406 | Everything Now                  |
    |      18 | Late Night Feelings             |
    |     292 | Generations                     |
    |     ... | ...                             |
    |     221 | Melmanos Annimos                |
    |     254 | Bad Guy                         |
    +---------+---------------------------------+
    257 rows in set (0.00 sec)
    */
    ```

- æ‰¾åˆ°ä¸€å€‹å‰µä½œè€…çš„æœˆç¸½è§€çœ‹æ•¸ - ``GROUP BY``

    ```sql
    -- å‡è¨­æŒ‡å®šçš„å‰µä½œè€…æ˜¯ "Taylor Swift"ï¼Œå¥¹åœ¨ artist table ä¸­çš„ id ç‚º 4ï¼š

    SELECT
        at.id AS artist_id,
        at.name AS artist_name,
        SUM(sg.monthly_plays) AS artist_total_monthly_plays
    FROM artist AS at
    INNER JOIN album AS ab
        ON ab.artist_id = at.id
    INNER JOIN song AS sg
        ON sg.album_id = ab.id
    WHERE at.id = 4
    GROUP BY at.id, at.name;

    /* çµæœï¼š
    +-----------+--------------+----------------------------+
    | artist_id | artist_name  | artist_total_monthly_plays |
    +-----------+--------------+----------------------------+
    |         4 | Taylor Swift |                22531986749 |
    +-----------+--------------+----------------------------+
    */
    ```

- æ‰¾åˆ°æœˆç¸½è§€çœ‹æ•¸è¶…éä¸€ç™¾è¬çš„ç™¼ç‡’å‰µä½œè€… - ``GROUP BY ... HAVING``
    ```sql
    -- è€ƒæ…®æˆ‘é€™æ¬¡æº–å‚™çš„è³‡æ–™é‡æ¯”è¼ƒé¾å¤§ï¼Œæœˆç¸½æ’­æ”¾æ•¸å‹•è¼’è¶…éä¸€ç™¾å„„
    -- å› æ­¤ï¼Œæˆ‘æŠŠæ¢ä»¶å¾ æœˆç¸½æ’­æ”¾æ•¸è¶…éä¸€ç™¾è¬ æ›´æ”¹ç‚º è¶…éå…©ç™¾å„„ (20,000,000,000)

    SELECT
        at.id AS artist_id,
        at.name AS artist_name,
        SUM(sg.monthly_plays) AS artist_total_monthly_plays
    FROM artist AS at
    INNER JOIN album AS ab
        ON ab.artist_id = at.id
    INNER JOIN song AS sg
        ON sg.album_id = ab.id
    GROUP BY at.id, at.name
    HAVING artist_total_monthly_plays >= 20000000000;

    /* çµæœï¼š
    +-----------+-----------------+----------------------------+
    | artist_id | artist_name     | artist_total_monthly_plays |
    +-----------+-----------------+----------------------------+
    |         2 | 2Pac            |                23614153105 |
    |         4 | Taylor Swift    |                22531986749 |
    |         8 | Top Drawer      |                24296851581 |
    |        11 | William Mullins |                22348466270 |
    +-----------+-----------------+----------------------------+
    */
    ```

- ä½¿ç”¨è€…å°ä¸€é¦–æ­ŒæŒ‰æ„›å¿ƒ - ``INSERT``
    ```sql
    -- å‡è¨­ä½¿ç”¨è€… "Wallace Evans" (user.id:27) å°
    -- æ­Œæ›² "Our Generation" (song.id:204) æŒ‰äº†æ„›å¿ƒ

    INSERT INTO
        user_liked_song (song_id, user_id)
        VALUES (204, 27);

    /* çµæœï¼š
    Query OK, 1 row affected (0.00 sec)
    */
    -- æ³¨æ„ï¼è‹¥ä½ é‡è¤‡åŸ·è¡Œä»¥ä¸Š SQL æœƒæœ‰ä»¥ä¸‹éŒ¯èª¤è¨Šæ¯ï¼š
    -- ERROR 1062 (23000): Duplicate entry '204-27' for key 'unq_song_user_pair'

    -- åŸå› ï¼šå› ç‚ºè€ƒæ…®åˆ°ä¸€å€‹ç”¨æˆ¶æ˜¯æ²’æœ‰è¾¦æ³•é‡è¤‡å°åŒä¸€é¦–æ­ŒåŠ æ„›å¿ƒï¼Œ
    -- å› æ­¤æˆ‘è¨­å®šäº† UNIQUE(song_id, user_id) çš„ CONSTRAINT
    ```

- å‰µä½œè€…æ›´æ–°å°é¢åœ–ç‰‡å’Œè‡ªæˆ‘ä»‹ç´¹ - ``UPDATE``
    ```sql
    -- å‡è¨­ä½¿ç”¨è€…ç‚º "Helen Abbott" (user.id:2)

    UPDATE user
    SET
        profile_pic='https://pbs.twimg.com/profile_images/978932102895951878/8By0mcHO_400x400.jpg',
        bio='æ–æ»¾Electronic Music Producer & DJ'
    WHERE id=2;

    /* çµæœï¼š
    Query OK, 1 row affected (0.02 sec)
    Rows matched: 1  Changed: 1  Warnings: 0
    */
    ```

- å‰µä½œè€…ä¸‹æ¶å°ˆè¼¯ - ``DELETE``
    ```sql
    -- å‡è¨­å‰µä½œè€…æƒ³è¦ä¸‹æ¶çš„å°ˆè¼¯æ˜¯ "Ain't No Sunshine (feat. Jasmine Pace)" (album.id:42)
    -- è©²å°ˆè¼¯å…§æ”¶éŒ„äº†ä¸€é¦–æ­Œ "Ghost of You" (song.id:326)

    DELETE FROM album
    WHERE id = 42;

    /* çµæœï¼š
    Query OK, 1 row affected (0.01 sec)

    -- è©²å°ˆè¼¯åˆªé™¤å¾Œï¼Œè‹¥å†å»åŸ·è¡ŒæŸ¥è©¢å·²æ‰¾ä¸åˆ°
    mysql> select * from album where id = 42;
    Empty set (0.00 sec)

    -- åŸå…ˆåœ¨è©²å°ˆè¼¯å…§çš„æ­Œæ›² "Ghost of You"ï¼Œä¹Ÿä¸€æ¨£æ‰¾ä¸åˆ°äº†
    mysql> select * from song where id = 326;
    Empty set (0.00 sec)
    */
    ```

- å°‡æ­Œå–®ä¸­çš„å…©é¦–æ­Œèª¿æ›é¡ºåº - ``TRANSACTION``
    ```sql
    /* åœ¨æ­Œå–® "BTS AS MELHORES ğŸ’œ" ä¸­æœ‰ä»¥ä¸‹ 5 é¦–æ­Œï¼š
    mysql> SELECT * FROM playlist_entry WHERE playlist_id = 1 ORDER BY order_number;
    +-----+-------------+---------+--------------+
    | id  | playlist_id | song_id | order_number |
    +-----+-------------+---------+--------------+
    | 148 |           1 |     377 |            0 |
    | 362 |           1 |      42 |            1 | <-
    | 680 |           1 |     492 |            2 |
    | 714 |           1 |      38 |            3 | <-
    | 949 |           1 |     474 |            4 |
    +-----+-------------+---------+--------------+
    -- å‡è¨­æˆ‘å€‘è¦æŠŠç¬¬äºŒé¦– (order_number:1, id:362) 
    -- è·Ÿç¬¬å››é¦–æ­Œ (order_number:3, id:714) çš„é †åºèª¿æ›
    */

    -- Step 0: æ‰“é–‹ TRANSACTION 
    START TRANSACTION;

    -- Step 1: å°‡ id ç‚º 362 çš„ order_number å„²å­˜åˆ°è®Šæ•¸ä¸­
    SELECT @order_362 := order_number FROM playlist_entry WHERE id = 362 AND playlist_id = 1;

    -- Step 2: å°‡ id ç‚º 714 çš„ order_number å„²å­˜åˆ°è®Šæ•¸ä¸­
    SELECT @order_714 := order_number FROM playlist_entry WHERE id = 714 AND playlist_id = 1;

    -- Step 3: æ›´æ–° id ç‚º 362 çš„ order_number ç‚ºè‡¨æ™‚å€¼ä»¥é¿å…é•åç´„æŸ
    UPDATE playlist_entry
    SET order_number = -1
    WHERE id = 362 AND playlist_id = 1;

    -- Step 4: å°‡ id ç‚º 714 çš„ order_number æ›´æ–°ç‚º id ç‚º 362 çš„å„²å­˜å€¼
    UPDATE playlist_entry
    SET order_number = @order_362
    WHERE id = 714 AND playlist_id = 1;

    -- Step 5: å°‡ id ç‚º 362 çš„ order_number æ›´æ–°ç‚º id ç‚º 714 çš„å„²å­˜å€¼
    UPDATE playlist_entry
    SET order_number = @order_714
    WHERE id = 362 AND playlist_id = 1;

    -- Step 6: æŸ¥è©¢æ”¹è®Šéå¾Œçµæœæ˜¯å¦è·Ÿæƒ³è¦çš„ä¸€æ¨£
    SELECT * FROM playlist_entry
    WHERE playlist_id = 1 ORDER BY order_number;
    /*
    +-----+-------------+---------+--------------+
    | id  | playlist_id | song_id | order_number |
    +-----+-------------+---------+--------------+
    | 148 |           1 |     377 |            0 |
    | 714 |           1 |      38 |            1 | <-
    | 680 |           1 |     492 |            2 |
    | 362 |           1 |      42 |            3 | <-
    | 949 |           1 |     474 |            4 |
    +-----+-------------+---------+--------------+
    -- å¯ä»¥ç™¼ç¾æ­Œæ›² 362 èˆ‡ 714 çš„ä½ç½®å·²ç¶“èª¿æ›ï¼
    */

    -- Step 7: COMMIT æ‰€æœ‰æŒ‡ä»¤ï¼Œå®Œæˆæ­Œå–®æ­Œæ›²èª¿æ›é¡ºåºå‹•ä½œ
    COMMIT;
    ```

- ç™¼ç¾åŸæœ¬è¨­è¨ˆçš„Tableä¸å®Œç¾æˆ–éœ€æ±‚æ”¹è®Š - ``ALTER TABLE``
    ```sql
    -- å‡è¨­æˆ‘å€‘æƒ³æŠŠåŸæœ¬åœ¨ user table ä¸­çš„ bio column å­—ä¸²å®¹é‡åŠ å¤§
    -- å¾åŸä¾†çš„ varchar(200) é™åˆ¶æ”¹åˆ° varchar(500)

    ALTER TABLE user
    MODIFY COLUMN bio varchar(500);
    ```

### B.4. é€²éšéœ€æ±‚
- Your Library é é¢
    - ä½¿ç”¨è€…å–å¾—æ“æœ‰ Play list å’Œæ¯å€‹ Play list è£¡çš„æ­Œ
        ```sql
        -- å‡è¨­ä½¿ç”¨è€…ç‚º "Joyce Cook" (user.id:3)
        
        SELECT
            pl.name AS playlist_name,
            sg.name AS song_name
        FROM playlist AS pl
        LEFT JOIN playlist_entry AS et
            ON et.playlist_id = pl.id
        LEFT JOIN song AS sg
            ON sg.id = et.song_id
        WHERE pl.user_id = 3;
        
        /* çµæœï¼š
        +--------------------------------------+--------------------------+
        | playlist_name                        | song_name                |
        +--------------------------------------+--------------------------+
        | Bts antigas pq so as melhores, bjos  | What Is It? (Excuse Me)  |
        | Bts antigas pq so as melhores, bjos  | Dont Look Back in Anger  |
        | Bts antigas pq so as melhores, bjos  | Crossover                |
        | Bts antigas pq so as melhores, bjos  | Don't Look Back in Anger |
        | ...                                  | ...                      |
        | Vale Tudo (2025) Trilha Sonora       | Maktub                   |
        | Vale Tudo (2025) Trilha Sonora       | Rock On                  |
        +--------------------------------------+--------------------------+
        26 rows in set (0.01 sec)
        */
        ```
    - ä½¿ç”¨è€…å–å¾—æ‰€è¿½è¹¤çš„ Album å’Œæ¯å€‹ Album è£¡çš„æ­Œ
        ```sql
        -- å‡è¨­ä½¿ç”¨è€…ç‚º "Jamie Ellsworth" (user.id:44)

        SELECT
            alb.title AS user_following_album_title,
            sng.name AS song_in_album
        FROM user_added_album AS ulb
        LEFT JOIN album AS alb
            ON alb.id = ulb.album_id
        LEFT JOIN song AS sng
            ON sng.album_id = alb.id
        WHERE ulb.user_id = 44;

        /* çµæœï¼š
        +------------------------------------+-----------------------+
        | user_following_album_title         | song_in_album         |
        +------------------------------------+-----------------------+
        | Consequncias De Um Corao Machucado | Cat's Meow            |
        | Consequncias De Um Corao Machucado | Generate Some Action  |
        | Consequncias De Um Corao Machucado | Rap Is Outta Control  |
        | Consequncias De Um Corao Machucado | Tetris 2020           |
        | ...                                | ...                   |
        | Metal Health                       | Retro Dance Record    |
        | Metal Health                       | Rock with You         |
        +------------------------------------+-----------------------+
        */
        ```
    - ä½¿ç”¨è€…å–å¾— Liked Playlist å’Œå…¶ä¸­çš„æ­Œ
        ```sql
        -- å‡è¨­ä½¿ç”¨è€…ç‚º "Paul Roberts" (user.id:35)

        SELECT
            pl.name AS user_liked_playlist,
            sng.name AS song_in_playlist
        FROM user_added_playlist AS upl
        LEFT JOIN playlist AS pl
            ON pl.id = upl.playlist_id
        LEFT JOIN playlist_entry AS pl_ent
            ON pl_ent.playlist_id = pl.id
        LEFT JOIN song AS sng
            ON sng.id = pl_ent.song_id
        WHERE upl.user_id = 35;

        /* çµæœï¼š
        +---------------------------------------------+------------------------+
        | user_liked_playlist                         | song_in_playlist       |
        +---------------------------------------------+------------------------+
        | ABRI MINHA BBLIA EM JOAO 20 / Vitor Santana | The Interview          |
        | ABRI MINHA BBLIA EM JOAO 20 / Vitor Santana | A Gerao Romntica       |
        | ABRI MINHA BBLIA EM JOAO 20 / Vitor Santana | Lost Generation        |
        | ...                                         | ...                    |
        | U2 - As Melhores                            | Rolling in the Deep    |
        | U2 - As Melhores                            | Da Beginning of da End |
        +---------------------------------------------+------------------------+
        */
        ```
- Artist é é¢
    - å–å¾—å‰µä½œè€… TOP 5 æ­Œ
        ```sql
        -- å‡è¨­å‰µä½œè€…ç‚º "James Fortenberry" (artist.id:5)

        SELECT sng.name, sng.monthly_plays
        FROM artist AS art
        LEFT JOIN album AS alb
            ON alb.artist_id = art.id
        LEFT JOIN song AS sng
            ON sng.album_id = alb.id
        WHERE art.id = 5
        ORDER BY sng.monthly_plays DESC
        LIMIT 5;

        /* çµæœï¼š
        +-------------------------+---------------+
        | name                    | monthly_plays |
        +-------------------------+---------------+
        | My Generation           |     998014141 |
        | Radio 3                 |     899633899 |
        | Crossover               |     778678929 |
        | Marte                   |     768292373 |
        | Love Will Tear Us Apart |     762172103 |
        +-------------------------+---------------+
        */
        ```
    - å–å¾—å‰µä½œè€…ç™¼è¡¨éçš„å°ˆè¼¯
        ```sql
        -- å‡è¨­å‰µä½œè€…ç‚º "James Fortenberry" (artist.id:5)

        SELECT
            alb.title AS album_title,
            alb.created_at AS album_relase_time
        FROM album AS alb
        WHERE alb.artist_id = 5
        ORDER BY alb.created_at DESC;
        
        /* çµæœï¼š
        +----------------------------------+---------------------+
        | album_title                      | album_relase_time   |
        +----------------------------------+---------------------+
        | Made In Favela                   | 2025-04-10 12:51:05 |
        | Quiet Nights (Slowed and Reverb) | 2024-10-04 17:17:49 |
        | Collected                        | 2018-05-25 17:52:02 |
        +----------------------------------+---------------------+
        */
        ```

    - ä½¿ç”¨è€…å–å¾—ä»–çš„ Followers / Followings
        ```sql
        -- å‡è¨­ä½¿ç”¨è€…ç‚º "Sharon Partain" (user.id:16)

        SELECT fr.name AS follower_name
        FROM user_follower AS ufr
        LEFT JOIN user AS fr
            ON fr.id = ufr.follower_id
        WHERE ufr.user_id = 16;

        /* ä½¿ç”¨è€…çš„ followers çµæœï¼š
        +------------------+
        | follower_name    |
        +------------------+
        | Charles Hughes   |
        | Helen Abbott     |
        | Joyce Cook       |
        | Betty Little     |
        | ...              |
        | Candice Dubinsky |
        | Victoria Clines  |
        +------------------+
        */

        SELECT fg.name AS following_name
        FROM user_follower AS ufg
        LEFT JOIN user AS fg
            ON fg.id = ufg.user_id
        WHERE ufg.follower_id = 16;

        /* ä½¿ç”¨è€…å–å¾—å…¶ followings çš„çµæœï¼š
        +--------------------+
        | following_name     |
        +--------------------+
        | Eduardo Bode       |
        | Thomas Vanhofwegen |
        | Paul Roberts       |
        | Helen Abbott       |
        | ...                |
        | Victoria Clines    |
        | Mary Schrunk       |
        +--------------------+
        */
        ```

### B.5. è¿½åŠ éœ€æ±‚
- ä½¿ç”¨è€… Follow (ä½¿ç”¨è€… / å°ˆè¼¯ / Public Playlist)
    ```sql
    -- å‡è¨­ä½¿ç”¨è€…ç‚º "Thomas Vanhofwegen" (user.id:17)

    -- 1. ä½¿ç”¨è€… follow å¦ä¸€ä½ä½¿ç”¨è€… "Richard Adair" (user.id:42)
    INSERT INTO
        user_follower (follower_id, user_id)
        VALUES (17, 42);

    -- 2. ä½¿ç”¨è€… follow ä¸€å¼µåç‚º "Collateral Beauty (Original Motion Picture Soundtrack)" çš„å°ˆè¼¯ (album.id:72)
    INSERT INTO
        user_added_album (user_id, album_id)
        VALUES (17, 72);

    -- 3. ä½¿ç”¨è€… follow ä¸€å€‹åç‚º "KLB: S as antigas" çš„å…¬çœ¾æ’­æ–¹æ¸…å–® (playlist.id:34)
    INSERT INTO
        user_added_playlist (user_id, playlist_id)
        VALUES (17, 34);
    ```
- ä½¿ç”¨è€…ç™¼ä½ˆæ­Œå–®
    ```sql
    -- å‡è¨­ä½¿ç”¨è€…ç‚º "Eduardo Bode" (user.id:18)

    START TRANSACTION;

    INSERT INTO
        playlist (user_id, name, info, cover_pic)
        VALUES (18, 'Gone Gone Trouble Minded!', 'A raw, soulful mix of bluesy heartache and defiant anthems for a restless spirit.', 'https://thumbnailer.mixcloud.com/unsafe/500x500/extaudio/0/b/1/e/66b4-51b3-4ffd-9190-5994919cf07e');

    -- é‹ç”¨ LAST_INSERT_ID() æŠ“å–åŒä¸€å€‹ Session å…§
    -- ä¸Šä¸€æ¬¡ INSERT record ä¸­çš„ AUTO INCREMENT æ¬„ä½å€¼
    -- è€Œé€™å€‹å€¼å°±æ˜¯æˆ‘å€‘è¦ INSERT é€² playlist_entry çš„ playlist_id
    INSERT INTO
        playlist_entry (playlist_id, song_id, order_number)
        VALUES (LAST_INSERT_ID(), 84, 0),
            (LAST_INSERT_ID(), 2, 1),
            (LAST_INSERT_ID(), 77, 2),
            (LAST_INSERT_ID(), 42, 3),
            (LAST_INSERT_ID(), 55, 4),
            (LAST_INSERT_ID(), 89, 5);

    COMMIT;

    /* çµæœï¼š
    mysql> SELECT ety.order_number AS `order`, song.name AS `song_name` FROM playlist_entry AS ety LEFT JOIN song ON song.id = ety.song_id WHERE ety.playlist_id = (SELECT id FROM playlist ORDER BY id DESC LIMIT 1) ORDER BY ety.order_number;
    +-------+----------------------------------+
    | order | song_name                        |
    +-------+----------------------------------+
    |     0 | Come as You Are                  |
    |     1 | The General                      |
    |     2 | Rollin'                          |
    |     3 | Memrias                          |
    |     4 | Ya Omri (feat. Lacrim & Houssem) |
    |     5 | Rock and Roll                    |
    +-------+----------------------------------+
    */
    ```
- å°‡ä¸€é¦–æ­ŒåŠ å…¥/ç§»é™¤æ­Œå–®
    ```sql
    -- å‡è¨­ä»¥ä¸‹æ˜¯æˆ‘å€‘è¦åŸ·è¡Œæ“ä½œçš„æ­Œå–®
    -- "Gone Gone Trouble Minded!" (playlist.id:150)
    /*
    +------+-------------+---------+--------------+
    | id   | playlist_id | song_id | order_number |
    +------+-------------+---------+--------------+
    | 1301 |         150 |      84 |            0 |
    | 1302 |         150 |       2 |            1 |
    | 1303 |         150 |      77 |            2 |
    | 1304 |         150 |      42 |            3 |
    | 1305 |         150 |      55 |            4 |
    | 1306 |         150 |      89 |            5 |
    +------+-------------+---------+--------------+
    */

    -- åŠ å…¥æ­Œæ›² "Fool's Gold" (song.id:125) è‡³æ­Œå–®ä¸­çš„
    -- ä½ç½®ï¼š2 (ç¬¬ä¸‰é¦–)
    UPDATE playlist_entry
    SET order_number = order_number + 1
    WHERE playlist_id = 150 AND order_number >= 2;

    INSERT INTO
    playlist_entry (playlist_id, song_id, order_number)
    VALUES (150, 125, 2);

    /* çµæœï¼š
    +------+-------------+---------+--------------+
    | id   | playlist_id | song_id | order_number |
    +------+-------------+---------+--------------+
    | 1301 |         150 |      84 |            0 |
    | 1302 |         150 |       2 |            1 |
    | 1307 |         150 |     125 | <- æ–°æ­Œæ›²   2 | <- æ’å…¥ä½ç½®ç‚º 2
    | 1303 |         150 |      77 |            3 |
    | 1304 |         150 |      42 |            4 |
    | 1305 |         150 |      55 |            5 |
    | 1306 |         150 |      89 |            6 |
    +------+-------------+---------+--------------+
    */

    -- å¾æ­Œå–®ç§»é™¤æ­Œæ›² "The General" (song.id:2)
    -- ä½ç½®ï¼š1 (ç¬¬äºŒé¦–)
    DELETE FROM playlist_entry
    WHERE playlist_id = 150 AND song_id = 2;

    UPDATE playlist_entry
    SET order_number = order_number - 1
    WHERE playlist_id = 150 AND order_number > 1;

    /* çµæœï¼š
    +------+-------------+---------+--------------+
    | id   | playlist_id | song_id | order_number |
    +------+-------------+---------+--------------+
    | 1301 |         150 |      84 |            0 |
    | 1307 |         150 |     125 |            1 | <- åŸåˆçš„ç¬¬2é¦–æ­Œå·²è¢«åˆªé™¤ï¼Œ
    | 1303 |         150 |      77 |            2 |    è¢«å¾Œé¢çš„æ­Œæ›²è£œä¸Š (song_id:125)
    | 1304 |         150 |      42 |            3 |
    | 1305 |         150 |      55 |            4 |
    | 1306 |         150 |      89 |            5 |
    +------+-------------+---------+--------------+
    */
    ```

## C. å¾Œè¨˜ï¼šç™¼ç¾ä¸åˆç†çš„æ•¸æ“šç´€éŒ„
å¾Œä¾†æˆ‘ç™¼ç¾æˆ‘æ‰€å»ºç«‹çš„æ•¸æ“šç´€éŒ„æœ‰ä¸€å€‹ä¸åˆç†çš„åœ°æ–¹ï¼Œå°±æ˜¯ç”¨æˆ¶å…¶å¯¦ä¸å¯èƒ½è¿½è¹¤ (user_added_playlist) è‡ªå·±è¦ªè‡ªå‰µé€ çš„æ’­æ”¾æ¸…å–® (playlist)ï¼Œä¹Ÿå°±æ˜¯èªª playlist èˆ‡ user_added_playlist ä¹‹é–“ä¸æ‡‰è©²å­˜åœ¨ç›¸åŒçš„ user_id èˆ‡ playlist_id çµ„åˆï¼Œè‹¥ä½ ä½¿ç”¨ä»¥ä¸‹çš„ SQL æŸ¥è©¢ä¾¿èƒ½åœ¨ user_added_playlist TABLE ä¸­æ‰¾åˆ°é€™äº›æœ‰å•é¡Œçš„æ•¸æ“šç´€éŒ„ï¼š

```sql
SELECT
    uad_pl.id AS id_tbd
FROM playlist AS pl
INNER JOIN user_added_playlist AS uad_pl
    ON uad_pl.user_id = pl.user_id
    AND uad_pl.playlist_id = pl.id
ORDER BY uad_pl.id;
```

å¾Œä¾†æˆ‘ç”¨ä»¥ä¸‹çš„æ–¹æ³•æŠŠä»–å€‘éƒ½åˆªé™¤ï¼Œä½†é€²ä¸€æ­¥æˆ‘é‚„åœ¨æƒ³æ˜¯å¦æœ‰æ–¹æ³•å¯ä»¥é˜²æ­¢é€™ç¨®æƒ…æ³ç™¼ç”Ÿï¼Ÿ

```sql
DELETE FROM user_added_playlist
WHERE id IN (
    SELECT id_tbd FROM (
        SELECT uad_pl.id AS id_tbd
        FROM playlist AS pl
        INNER JOIN user_added_playlist AS uad_pl
            ON uad_pl.user_id = pl.user_id
            AND uad_pl.playlist_id = pl.id
        ORDER BY uad_pl.id
    ) AS derived_table
);
```

ç­”æ¡ˆä¼¼ä¹æ˜¯å¯ä»¥çš„ï¼Œåªè¦æˆ‘
```sql
START TRANSACTION;
DELIMITER //
CREATE TRIGGER check_user_playlist_insert
BEFORE INSERT ON user_added_playlist
FOR EACH ROW
BEGIN
    IF EXISTS (
        SELECT 1
        FROM playlist
        WHERE user_id = NEW.user_id
        AND id = NEW.playlist_id
    ) THEN
        SIGNAL SQLSTATE '45000'
        SET MESSAGE_TEXT = 'Same combination of user_id and playlist_id found in playlists table.';
    END IF;
END//
DELIMITER ;

/*
mysql> SELECT id, user_id FROM playlist WHERE user_id = 14;
+-----+---------+
| id  | user_id |
+-----+---------+
|  79 |      14 | <-
| 146 |      14 |
+-----+---------+
2 rows in set (0.00 sec)
*/

/*
mysql> INSERT INTO user_added_playlist (playlist_id, user_id) VALUES (79, 14);
ERROR 1644 (45000): Same combination of user_id and playlist_id found in playlists table.
*/

```